name,type,size,modified
mkdocs.yml,file,74 B,2022-07-17 14:04:24.750 -05:00
docs,dir,96 B,2022-07-20 20:57:40.892564490 -05:00
rust-toolchain.toml,file,51 B,2023-01-23 13:43:19.606595209 -06:00
config,dir,96 B,2023-02-20 18:05:22.019513077 -06:00
ekalavya.sh,file,2.1 KiB,2023-02-26 01:38:46.760485060 -06:00
demos,dir,256 B,2023-02-26 16:45:13.485283045 -06:00
catalog-info.yaml,file,518 B,2023-02-26 19:06:56.545843665 -06:00
sdk-core,dir,832 B,2023-02-28 16:03:30.681968663 -06:00
generated,dir,928 B,2023-02-28 23:24:49.759841544 -06:00
bin,dir,224 B,2023-02-28 23:28:45.860768489 -06:00
justfile,file,456 B,2023-02-28 23:29:38.171833574 -06:00
tmp,dir,1.3 KiB,2023-02-28 23:34:52.119716862 -06:00
setup,dir,448 B,2023-02-28 23:35:47.320864655 -06:00
README.md,file,1.4 KiB,2023-03-01 09:29:50.183359741 -06:00
Cargo.toml,file,2.8 KiB,2023-03-01 17:06:36.396424646 -06:00
Cargo.lock,file,144.3 KiB,2023-03-01 17:06:43.389327745 -06:00
target,dir,192 B,2023-03-01 17:08:44.607636705 -06:00
src,dir,640 B,2023-03-01 22:42:12.504057151 -06:00
result.md,file,1.2 KiB,2023-03-02 19:43:11.257633107 -06:00
